路線方向,路段,交流道,進出口,週六,週日,平日
國1南向路段,非主線資料,基隆端,進口,31243,28384,26774
國1南向路段,非主線資料,基隆,進口,6663,5824,7037
國1南向路段,非主線資料,八堵,進口,9626,10092,7615
國1南向路段,非主線資料,大華系統,進口,26567,24553,20948
國1南向路段,非主線資料,五堵,進口,7192,6103,8628
國1南向路段,非主線資料,汐止&汐止系統,進口,21350,20002,22060
國1南向路段,非主線資料,東湖,進口,16417,14454,16276
國1南向路段,非主線資料,內湖,進口,15293,12694,18523
國1南向路段,非主線資料,圓山,進口,61973,56150,61590
國1南向路段,非主線資料,台北,進口,20919,17509,20226
國1南向路段,非主線資料,三重,進口,14840,13279,12100
國1南向路段,非主線資料,五股,進口,30492,28166,27063
國1南向路段,非主線資料,高公局,進口,235,253,334
國1南向路段,非主線資料,林口,進口,38036,30988,43122
國1南向路段,非主線資料,桃園,進口,38608,33662,39528
國1南向路段,非主線資料,機場系統,進口,25216,23071,25098
國1南向路段,非主線資料,中壢服務區,進口,4068,3342,4787
國1南向路段,非主線資料,內壢,進口,18250,16404,18305
國1南向路段,非主線資料,中壢,進口,8042,6876,7499
國1南向路段,非主線資料,平鎮系統,進口,18634,17028,19467
國1南向路段,非主線資料,幼獅,進口,2949,2220,4349
國1南向路段,非主線資料,楊梅,進口,5112,4588,6582
國1南向路段,非主線資料,高架楊梅端,進口,37989,33979,30790
國1南向路段,非主線資料,湖口,進口,14339,13824,20851
國1南向路段,非主線資料,竹北,進口,18554,14761,21796
國1南向路段,非主線資料,新竹,進口,26910,20347,29076
國1南向路段,非主線資料,新竹系統,進口,20653,16236,12893
國1南向路段,非主線資料,頭份,進口,7368,6788,6090
國1南向路段,非主線資料,頭屋,進口,1075,1043,898
國1南向路段,非主線資料,苗栗,進口,6466,6266,5682
國1南向路段,非主線資料,銅鑼,進口,3616,4328,3323
國1南向路段,非主線資料,三義,進口,4319,4613,3205
國1南向路段,非主線資料,后里,進口,11192,9917,11146
國1南向路段,非主線資料,台中系統,進口,24904,23052,26136
國1南向路段,非主線資料,豐原,進口,11410,9837,12921
國1南向路段,非主線資料,大雅,進口,11616,9096,12546
國1南向路段,非主線資料,台中,進口,19413,17527,16939
國1南向路段,非主線資料,南屯,進口,13844,11809,13074
國1南向路段,非主線資料,王田,進口,7957,7179,8052
國1南向路段,非主線資料,彰化系統,進口,35935,31144,30286
國1南向路段,非主線資料,彰化,進口,14404,13563,14447
國1南向路段,非主線資料,埔鹽系統,進口,12118,11318,11143
國1南向路段,非主線資料,員林,進口,3423,3043,2762
國1南向路段,非主線資料,北斗,進口,4286,4210,3442
國1南向路段,非主線資料,西螺,進口,6474,5995,5865
國1南向路段,非主線資料,虎尾,進口,2985,2947,2822
國1南向路段,非主線資料,斗南,進口,6260,5151,6495
國1南向路段,非主線資料,雲林系統,進口,9419,8599,7868
國1南向路段,非主線資料,大林,進口,2788,2446,2961
國1南向路段,非主線資料,民雄,進口,6076,5493,5489
國1南向路段,非主線資料,嘉義,進口,8502,7850,7086
國1南向路段,非主線資料,水上,進口,2354,2440,1970
國1南向路段,非主線資料,嘉義系統,進口,8842,9467,6956
國1南向路段,非主線資料,新營服務區,進口,1201,1122,1141
國1南向路段,非主線資料,新營,進口,11034,10161,11257
國1南向路段,非主線資料,下營系統,進口,9807,9650,7665
國1南向路段,非主線資料,麻豆,進口,9499,8677,9475
國1南向路段,非主線資料,安定,進口,5870,4766,8548
國1南向路段,非主線資料,台南系統,進口,23220,21278,23777
國1南向路段,非主線資料,永康,進口,15633,13564,16704
國1南向路段,非主線資料,仁德,進口,22984,21575,20382
國1南向路段,非主線資料,仁德系統,進口,17203,15734,16580
國1南向路段,非主線資料,路竹,進口,7077,6651,7299
國1南向路段,非主線資料,高科,進口,6464,4642,9006
國1南向路段,非主線資料,岡山,進口,16672,13839,18292
國1南向路段,非主線資料,楠梓,進口,26103,21768,26459
國1南向路段,非主線資料,鼎金系統,進口,51500,49774,50450
國1南向路段,非主線資料,中正路,進口,25568,22711,24586
國1南向路段,非主線資料,五甲,進口,10622,9795,11665
國3南向路段,非主線資料,基金,進口,21763,21248,22104
國3南向路段,非主線資料,瑪東系統,進口,2422,3670,3494
國3南向路段,非主線資料,汐止系統,進口,34023,29536,32328
國3南向路段,非主線資料,新台五路,進口,14038,12024,17282
國3南向路段,非主線資料,南港,進口,14819,13496,19627
國3南向路段,非主線資料,南港系統,進口,15537,17513,11425
國3南向路段,非主線資料,木柵,進口,15220,13444,14625
國3南向路段,非主線資料,新店,進口,11600,10076,11914
國3南向路段,非主線資料,安坑,進口,31186,27179,29280
國3南向路段,非主線資料,中和,進口,38400,33969,35847
國3南向路段,非主線資料,土城,進口,39167,35508,38073
國3南向路段,非主線資料,三鶯,進口,18132,16255,17620
國3南向路段,非主線資料,鶯歌系統,進口,22763,19991,22691
國3南向路段,非主線資料,大溪,進口,11994,9497,9484
國3南向路段,非主線資料,龍潭,進口,6638,5436,6038
國3南向路段,非主線資料,高原,進口,3684,3204,3160
國3南向路段,非主線資料,關西服務區,進口,1082,962,797
國3南向路段,非主線資料,關西,進口,3198,2914,2799
國3南向路段,非主線資料,竹林,進口,7493,6200,7661
國3南向路段,非主線資料,寶山,進口,6167,4507,9845
國3南向路段,非主線資料,新竹系統,進口,32834,26128,31621
國3南向路段,非主線資料,茄苳,進口,6890,5268,5534
國3南向路段,非主線資料,香山,進口,5216,3550,5367
國3南向路段,非主線資料,竹南,進口,5686,4501,4267
國3南向路段,非主線資料,大山,進口,1047,942,953
國3南向路段,非主線資料,後龍,進口,3052,3502,2887
國3南向路段,非主線資料,西湖服務區,進口,478,384,483
國3南向路段,非主線資料,通霄,進口,3788,4018,2542
國3南向路段,非主線資料,苑裡,進口,8521,8138,8500
國3南向路段,非主線資料,大甲,進口,10640,9758,10075
國3南向路段,非主線資料,中港系統,進口,7566,6691,6646
國3南向路段,非主線資料,清水服務區,進口,1000,814,713
國3南向路段,非主線資料,沙鹿,進口,9751,8552,9614
國3南向路段,非主線資料,龍井,進口,12012,10242,11580
國3南向路段,非主線資料,和美,進口,13752,12876,15451
國3南向路段,非主線資料,彰化系統,進口,14654,11643,13387
國3南向路段,非主線資料,快官,進口,25121,22130,23960
國3南向路段,非主線資料,烏日,進口,5372,4054,6112
國3南向路段,非主線資料,中投,進口,10009,8641,8610
國3南向路段,非主線資料,霧峰,進口,38443,35496,30417
國3南向路段,非主線資料,霧峰系統,進口,6156,7457,4906
國3南向路段,非主線資料,草屯,進口,4279,3094,3295
國3南向路段,非主線資料,中興系統,進口,6588,6148,5168
國3南向路段,非主線資料,中興,進口,5164,4326,4632
國3南向路段,非主線資料,南投,進口,2842,2594,2790
國3南向路段,非主線資料,南投服務區,進口,1384,1480,1086
國3南向路段,非主線資料,名間,進口,2122,2117,1830
國3南向路段,非主線資料,竹山,進口,3626,4782,2363
國3南向路段,非主線資料,南雲,進口,2417,2517,1922
國3南向路段,非主線資料,斗六,進口,4276,4318,4029
國3南向路段,非主線資料,古坑(北)&古坑系統,進口,4402,4422,3032
國3南向路段,非主線資料,古坑(南),進口,1676,1749,1107
國3南向路段,非主線資料,古坑服務區,進口,614,670,372
國3南向路段,非主線資料,梅山,進口,5318,5312,4745
國3南向路段,非主線資料,竹崎,進口,6856,6650,5980
國3南向路段,非主線資料,中埔,進口,8101,9412,5534
國3南向路段,非主線資料,水上系統,進口,3171,3652,2349
國3南向路段,非主線資料,白河,進口,3347,4223,2170
國3南向路段,非主線資料,東山服務區,進口,1120,1429,691
國3南向路段,非主線資料,柳營,進口,3055,2978,3151
國3南向路段,非主線資料,烏山頭,進口,3490,3400,3103
國3南向路段,非主線資料,官田系統,進口,8205,8711,6678
國3南向路段,非主線資料,善化,進口,5334,4487,5002
國3南向路段,非主線資料,新化系統,進口,10944,9198,9659
國3南向路段,非主線資料,關廟,進口,9761,8691,6329
國3南向路段,非主線資料,關廟服務區,進口,332,307,318
國3南向路段,非主線資料,田寮,進口,3357,3408,2935
國3南向路段,非主線資料,燕巢系統,進口,13992,12191,13032
國3南向路段,非主線資料,九如,進口,2864,2595,2586
國3南向路段,非主線資料,長治,進口,5032,4409,4601
國3南向路段,非主線資料,麟洛,進口,8490,7596,7809
國3南向路段,非主線資料,竹田系統,進口,16092,13758,10690
國3南向路段,非主線資料,南州,進口,477,412,416
國5南向路段,非主線資料,南港系統,進口,37370,30130,26148
國5南向路段,非主線資料,石碇,進口,4564,3104,4058
國5南向路段,非主線資料,坪林交控專用道,進口,722,388,397
國5南向路段,非主線資料,頭城,進口,5074,2750,4304
國5南向路段,非主線資料,宜蘭(壯圍),進口,6239,5160,6104
國5南向路段,非主線資料,羅東,進口,2943,2578,3099
國1高架南向路段,非主線資料,汐止端,進口,34629,33968,31590
國1高架南向路段,非主線資料,堤頂,進口,21047,17517,24542
國1高架南向路段,非主線資料,環北,進口,25638,23475,23543
國1高架南向路段,非主線資料,泰山轉接道,進口,40361,36820,34174
國1高架南向路段,非主線資料,機場系統,進口,7422,7441,8019
國1高架南向路段,非主線資料,中壢轉接道,進口,14802,12386,15175
國3甲東向路段,非主線資料,台北端,進口,22224,18602,22187
國3甲東向路段,非主線資料,萬芳,進口,16226,14236,16312
國2東向路段,非主線資料,機場端,進口,39977,41508,41850
國2東向路段,非主線資料,大園,進口,26948,23059,30710
國2東向路段,非主線資料,大竹,進口,25182,22615,25120
國2東向路段,非主線資料,機場系統,進口,45538,40667,44785
國2東向路段,非主線資料,南桃園,進口,18138,15104,19130
國2東向路段,非主線資料,大湳,進口,23446,20978,23768
國4東向路段,非主線資料,清水端,進口,18416,17135,18348
國4東向路段,非主線資料,中港系統,進口,20326,18637,17971
國4東向路段,非主線資料,神岡,進口,6891,5769,9199
國4東向路段,非主線資料,台中系統,進口,23163,19420,18645
國4東向路段,非主線資料,豐勢,進口,9179,8977,7731
國4東向路段,非主線資料,潭子,進口,12530,10896,12957
國6東向路段,非主線資料,霧峰系統,進口,28069,23215,19566
國6東向路段,非主線資料,舊正,進口,4038,2556,2302
國6東向路段,非主線資料,東草屯,進口,1242,1137,1045
國6東向路段,非主線資料,國姓,進口,454,368,494
國6東向路段,非主線資料,愛蘭,進口,539,412,435
國8東向路段,非主線資料,台南端,進口,12765,11673,12181
國8東向路段,非主線資料,新吉,進口,7848,7536,6939
國8東向路段,非主線資料,台南系統,進口,17729,16250,16310
國8東向路段,非主線資料,新市,進口,3835,3323,3759
國8東向路段,非主線資料,新化系統,進口,3880,4057,3462
國10東向路段,非主線資料,左營端,進口,34648,29224,32726
國10東向路段,非主線資料,鼎金系統,進口,25388,19829,23628
國10東向路段,非主線資料,仁武,進口,10680,8113,10640
國10東向路段,非主線資料,燕巢,進口,9060,7106,8635
國10東向路段,非主線資料,燕巢系統,進口,7031,5687,5095
國1北向路段,非主線資料,高雄端,進口,6204,5882,9713
國1北向路段,非主線資料,漁港路,進口,18127,15628,21171
國1北向路段,非主線資料,五甲,進口,2012,1711,2604
國1北向路段,非主線資料,五甲系統,進口,51790,50849,46579
國1北向路段,非主線資料,中正路,進口,9413,9031,7913
國1北向路段,非主線資料,高雄,進口,55539,53080,49885
國1北向路段,非主線資料,鼎金系統,進口,25336,23218,22194
國1北向路段,非主線資料,楠梓,進口,17802,15694,18801
國1北向路段,非主線資料,岡山,進口,6674,6008,6867
國1北向路段,非主線資料,高科,進口,6025,5100,9238
國1北向路段,非主線資料,路竹,進口,6122,5772,5818
國1北向路段,非主線資料,仁德系統,進口,19105,18886,19590
國1北向路段,非主線資料,仁德,進口,10298,9374,10216
國1北向路段,非主線資料,大灣,進口,16830,15566,15494
國1北向路段,非主線資料,永康,進口,17600,16984,14830
國1北向路段,非主線資料,台南系統,進口,10676,10307,10306
國1北向路段,非主線資料,安定,進口,3958,3381,5190
國1北向路段,非主線資料,麻豆,進口,5821,6119,4994
國1北向路段,非主線資料,下營系統,進口,4617,4870,3849
國1北向路段,非主線資料,新營,進口,5166,5153,4393
國1北向路段,非主線資料,新營服務區,進口,1949,1865,1816
國1北向路段,非主線資料,嘉義系統,進口,8922,8538,7788
國1北向路段,非主線資料,水上,進口,2945,3112,2959
國1北向路段,非主線資料,嘉義,進口,11525,11274,10163
國1北向路段,非主線資料,民雄,進口,6981,7299,5881
國1北向路段,非主線資料,大林,進口,4160,4276,3643
國1北向路段,非主線資料,雲林系統,進口,12100,12088,10234
國1北向路段,非主線資料,斗南,進口,5988,5491,5021
國1北向路段,非主線資料,虎尾,進口,4257,4196,4013
國1北向路段,非主線資料,西螺,進口,5644,5920,4950
國1北向路段,非主線資料,北斗,進口,11550,11321,11428
國1北向路段,非主線資料,員林,進口,12383,11818,12214
國1北向路段,非主線資料,埔鹽系統,進口,15857,14082,16086
國1北向路段,非主線資料,彰化,進口,24038,22107,23063
國1北向路段,非主線資料,彰化系統,進口,5180,5282,6071
國1北向路段,非主線資料,王田,進口,9451,8000,11069
國1北向路段,非主線資料,南屯,進口,13974,12244,13951
國1北向路段,非主線資料,台中,進口,23024,21000,21928
國1北向路段,非主線資料,大雅,進口,24968,22958,21176
國1北向路段,非主線資料,豐原,進口,10740,10213,10887
國1北向路段,非主線資料,台中系統,進口,14740,15823,11855
國1北向路段,非主線資料,后里,進口,2588,2935,1960
國1北向路段,非主線資料,三義,進口,4242,4891,3936
國1北向路段,非主線資料,銅鑼,進口,2107,2264,2640
國1北向路段,非主線資料,苗栗,進口,3812,4902,3351
國1北向路段,非主線資料,頭屋,進口,6032,6794,5377
國1北向路段,非主線資料,頭份,進口,15534,14812,16547
國1北向路段,非主線資料,新竹系統,進口,30946,31663,33713
國1北向路段,非主線資料,新竹,進口,31326,27784,37456
國1北向路段,非主線資料,竹北,進口,18262,14793,18046
國1北向路段,非主線資料,湖口,進口,10474,9972,13362
國1北向路段,非主線資料,楊梅,進口,22546,19466,24367
國1北向路段,非主線資料,幼獅,進口,7381,5717,10757
國1北向路段,非主線資料,平鎮系統,進口,29266,26135,29488
國1北向路段,非主線資料,中壢,進口,14154,12402,14158
國1北向路段,非主線資料,內壢,進口,28980,26100,29916
國1北向路段,非主線資料,中壢服務區,進口,2918,2428,4062
國1北向路段,非主線資料,機場系統,進口,45592,42176,45998
國1北向路段,非主線資料,桃園,進口,35955,31919,36183
國1北向路段,非主線資料,林口,進口,44040,38404,47146
國1北向路段,非主線資料,高公局,進口,346,167,598
國1北向路段,非主線資料,五股,進口,20818,18470,20706
國1北向路段,非主線資料,三重,進口,22054,19456,21535
國1北向路段,非主線資料,台北,進口,26212,25090,25081
國1北向路段,非主線資料,圓山,進口,16244,14412,16588
國1北向路段,非主線資料,內湖,進口,28012,24532,27783
國1北向路段,非主線資料,汐止&汐止系統,進口,39588,36265,33520
國1北向路段,非主線資料,五堵,進口,5130,4125,6189
國1北向路段,非主線資料,基隆,進口,7656,6452,8172
國3北向路段,非主線資料,大鵬灣端,進口,7501,9446,5387
國3北向路段,非主線資料,南州,進口,13304,17298,10801
國3北向路段,非主線資料,崁頂,進口,5244,5621,4774
國3北向路段,非主線資料,竹田系統,進口,9909,9832,9392
國3北向路段,非主線資料,麟洛,進口,4892,5121,4631
國3北向路段,非主線資料,長治,進口,4860,5317,4126
國3北向路段,非主線資料,屏東,進口,5732,5769,5142
國3北向路段,非主線資料,九如,進口,7822,8226,7060
國3北向路段,非主線資料,燕巢系統,進口,15943,16276,12051
國3北向路段,非主線資料,田寮,進口,2714,3301,1816
國3北向路段,非主線資料,關廟服務區,進口,428,539,394
國3北向路段,非主線資料,關廟,進口,10734,10692,8975
國3北向路段,非主線資料,新化系統,進口,13231,12646,8758
國3北向路段,非主線資料,善化,進口,3758,3320,3367
國3北向路段,非主線資料,官田系統,進口,3818,4496,2594
國3北向路段,非主線資料,烏山頭,進口,1006,1096,890
國3北向路段,非主線資料,柳營,進口,1057,1206,896
國3北向路段,非主線資料,東山服務區,進口,670,770,376
國3北向路段,非主線資料,白河,進口,2394,2948,1671
國3北向路段,非主線資料,水上系統,進口,8240,8286,6785
國3北向路段,非主線資料,中埔,進口,5925,6618,4609
國3北向路段,非主線資料,竹崎,進口,7528,8130,5895
國3北向路段,非主線資料,梅山,進口,2477,2805,2249
國3北向路段,非主線資料,古坑服務區,進口,641,750,372
國3北向路段,非主線資料,古坑(北)&古坑系統,進口,8012,8688,5911
國3北向路段,非主線資料,斗六,進口,5182,5181,4284
國3北向路段,非主線資料,南雲,進口,2650,2829,2396
國3北向路段,非主線資料,竹山,進口,8622,9770,6784
國3北向路段,非主線資料,名間,進口,9190,9443,7936
國3北向路段,非主線資料,南投服務區,進口,2909,3424,2257
國3北向路段,非主線資料,南投,進口,11025,10328,11658
國3北向路段,非主線資料,中興,進口,10206,9915,11703
國3北向路段,非主線資料,中興系統,進口,14182,15185,11842
國3北向路段,非主線資料,草屯,進口,7440,6562,7449
國3北向路段,非主線資料,霧峰系統,進口,18785,20889,15030
國3北向路段,非主線資料,霧峰,進口,14204,13219,15534
國3北向路段,非主線資料,中投,進口,8237,7157,8380
國3北向路段,非主線資料,烏日,進口,4038,2898,6288
國3北向路段,非主線資料,快官,進口,14087,13670,13816
國3北向路段,非主線資料,彰化系統,進口,21644,25577,18849
國3北向路段,非主線資料,和美,進口,5496,6253,5795
國3北向路段,非主線資料,龍井,進口,9867,9125,10108
國3北向路段,非主線資料,沙鹿,進口,8691,8141,8747
國3北向路段,非主線資料,清水服務區,進口,1001,1200,733
國3北向路段,非主線資料,中港系統,進口,17620,17910,14843
國3北向路段,非主線資料,大甲,進口,3242,3360,2722
國3北向路段,非主線資料,苑裡,進口,2969,3447,2502
國3北向路段,非主線資料,通霄,進口,3933,4404,3494
國3北向路段,非主線資料,西湖服務區,進口,193,218,300
國3北向路段,非主線資料,後龍,進口,4237,4216,3904
國3北向路段,非主線資料,大山,進口,3242,3356,3172
國3北向路段,非主線資料,竹南,進口,5157,4620,5324
國3北向路段,非主線資料,西濱,進口,7448,7515,7408
國3北向路段,非主線資料,香山,進口,8581,7275,13662
國3北向路段,非主線資料,茄苳,進口,10123,8266,10030
國3北向路段,非主線資料,新竹系統,進口,21415,23720,17282
國3北向路段,非主線資料,寶山,進口,3777,3400,5375
國3北向路段,非主線資料,竹林,進口,14647,13286,11244
國3北向路段,非主線資料,關西,進口,4067,4260,3329
國3北向路段,非主線資料,關西服務區,進口,1103,1453,862
國3北向路段,非主線資料,高原,進口,6862,6686,6851
國3北向路段,非主線資料,龍潭,進口,12816,11410,13212
國3北向路段,非主線資料,大溪,進口,27357,23461,28216
國3北向路段,非主線資料,鶯歌系統,進口,40114,35513,41707
國3北向路段,非主線資料,三鶯,進口,13135,12412,12783
國3北向路段,非主線資料,樹林,進口,15732,13814,15777
國3北向路段,非主線資料,土城,進口,13699,10693,16266
國3北向路段,非主線資料,中和,進口,19661,18068,20326
國3北向路段,非主線資料,安坑,進口,11186,8966,11615
國3北向路段,非主線資料,新店,進口,9392,8092,10591
國3北向路段,非主線資料,木柵,進口,14880,13222,15954
國3北向路段,非主線資料,南港系統,進口,19450,21551,16585
國3北向路段,非主線資料,南港,進口,5660,4871,6814
國3北向路段,非主線資料,新台五路,進口,7475,6503,10428
國3北向路段,非主線資料,汐止系統,進口,12872,10630,10987
國3北向路段,非主線資料,瑪東系統,進口,3228,2630,4082
國5北向路段,非主線資料,蘇澳,進口,9356,7283,8920
國5北向路段,非主線資料,羅東,進口,14245,11482,12021
國5北向路段,非主線資料,宜蘭(壯圍),進口,10934,9673,9559
國5北向路段,非主線資料,頭城,進口,10849,13336,8083
國5北向路段,非主線資料,坪林交控專用道,進口,2381,4186,1748
國5北向路段,非主線資料,石碇,進口,3712,4164,3316
國1高架北向路段,非主線資料,楊梅端,進口,39460,41198,34979
國1高架北向路段,非主線資料,中壢轉接道,進口,20080,18456,18657
國1高架北向路段,非主線資料,機場系統,進口,20416,20104,21069
國1高架北向路段,非主線資料,五股轉接道,進口,50704,45084,51589
國1高架北向路段,非主線資料,堤頂,進口,11209,8707,12170
國3甲西向路段,非主線資料,深坑端,進口,31070,29242,33292
國3甲西向路段,非主線資料,萬芳,進口,7144,5970,7030
國2西向路段,非主線資料,鶯歌系統,進口,61954,58574,64632
國2西向路段,非主線資料,大湳,進口,19992,17692,20919
國2西向路段,非主線資料,南桃園,進口,35716,31042,34793
國2西向路段,非主線資料,機場系統,進口,48668,47174,50693
國2西向路段,非主線資料,大竹,進口,6638,5797,8265
國2西向路段,非主線資料,大園,進口,7641,7486,8044
國4西向路段,非主線資料,潭子系統,進口,37899,37065,33436
國4西向路段,非主線資料,潭子,進口,2655,2400,2740
國4西向路段,非主線資料,豐勢,進口,11191,12044,10282
國4西向路段,非主線資料,后豐,進口,9505,8391,11022
國4西向路段,非主線資料,台中系統,進口,17540,16035,17418
國4西向路段,非主線資料,神岡,進口,2936,2496,3677
國4西向路段,非主線資料,中港系統,進口,6148,5164,5725
國6西向路段,非主線資料,埔里端,進口,2492,3442,2149
國6西向路段,非主線資料,埔里,進口,5344,6594,4127
國6西向路段,非主線資料,愛蘭,進口,10501,13037,7541
國6西向路段,非主線資料,北山,進口,877,1446,774
國6西向路段,非主線資料,國姓,進口,3081,4126,2304
國6西向路段,非主線資料,東草屯,進口,4125,3734,4181
國6西向路段,非主線資料,舊正,進口,3266,2582,3120
國8西向路段,非主線資料,新化端,進口,8246,8410,6791
國8西向路段,非主線資料,新化系統,進口,18712,20890,15993
國8西向路段,非主線資料,新市,進口,10929,8839,13358
國8西向路段,非主線資料,台南系統,進口,15380,13321,15047
國10西向路段,非主線資料,旗山端,進口,14091,17580,11085
國10西向路段,非主線資料,里港,進口,5056,3796,4606
國10西向路段,非主線資料,嶺口,進口,5494,5559,4769
國10西向路段,非主線資料,燕巢系統,進口,22947,25555,20338
國10西向路段,非主線資料,燕巢,進口,5208,4302,8092
國10西向路段,非主線資料,仁武,進口,15372,12516,17188
國10西向路段,非主線資料,鼎金系統,進口,25712,25443,26983
國1南向路段,非主線資料,基隆,出口,7883,6606,8359
國1南向路段,非主線資料,五堵,出口,5030,4434,6500
國1南向路段,非主線資料,汐止&汐止系統,出口,38210,36297,31258
國1南向路段,非主線資料,內湖,出口,26430,23408,25113
國1南向路段,非主線資料,圓山,出口,14266,12251,13147
國1南向路段,非主線資料,台北,出口,33634,31040,33555
國1南向路段,非主線資料,三重,出口,19012,17440,19302
國1南向路段,非主線資料,五股,出口,19875,17126,21018
國1南向路段,非主線資料,高公局,出口,396,233,654
國1南向路段,非主線資料,林口,出口,45514,40366,49092
國1南向路段,非主線資料,桃園,出口,36103,31937,38941
國1南向路段,非主線資料,機場系統,出口,41012,36788,41136
國1南向路段,非主線資料,中壢服務區,出口,3232,2529,4578
國1南向路段,非主線資料,內壢,出口,27284,24761,27283
國1南向路段,非主線資料,中壢,出口,13676,12011,13953
國1南向路段,非主線資料,平鎮系統,出口,26677,23224,26640
國1南向路段,非主線資料,幼獅,出口,7906,6027,10851
國1南向路段,非主線資料,楊梅,出口,23032,19937,24314
國1南向路段,非主線資料,高架楊梅端,出口,27,31,103
國1南向路段,非主線資料,湖口,出口,10931,9698,13267
國1南向路段,非主線資料,竹北,出口,16347,16534,17707
國1南向路段,非主線資料,新竹,出口,27564,27956,36000
國1南向路段,非主線資料,新竹系統,出口,34603,27598,35445
國1南向路段,非主線資料,頭份,出口,15745,13372,16705
國1南向路段,非主線資料,頭屋,出口,6366,5291,5209
國1南向路段,非主線資料,苗栗,出口,5378,3870,3417
國1南向路段,非主線資料,銅鑼,出口,2246,1757,2516
國1南向路段,非主線資料,三義,出口,5162,4349,4007
國1南向路段,非主線資料,后里,出口,2896,2627,1962
國1南向路段,非主線資料,台中系統,出口,15479,13188,10889
國1南向路段,非主線資料,豐原,出口,9999,8945,10780
國1南向路段,非主線資料,大雅,出口,26716,23690,22643
國1南向路段,非主線資料,台中,出口,20664,18510,20207
國1南向路段,非主線資料,南屯,出口,15209,13465,14231
國1南向路段,非主線資料,王田,出口,9339,7642,10635
國1南向路段,非主線資料,彰化系統,出口,5031,3752,5124
國1南向路段,非主線資料,彰化,出口,23712,20980,22060
國1南向路段,非主線資料,埔鹽系統,出口,15707,13515,15418
國1南向路段,非主線資料,員林,出口,12802,11390,12193
國1南向路段,非主線資料,北斗,出口,11568,10984,11252
國1南向路段,非主線資料,西螺,出口,5536,4590,4631
國1南向路段,非主線資料,虎尾,出口,5087,4461,4700
國1南向路段,非主線資料,斗南,出口,6385,5080,5144
國1南向路段,非主線資料,雲林系統,出口,12634,10899,9755
國1南向路段,非主線資料,大林,出口,4242,3863,3606
國1南向路段,非主線資料,民雄,出口,7797,6946,6140
國1南向路段,非主線資料,嘉義,出口,12178,10005,10204
國1南向路段,非主線資料,水上,出口,3244,2865,2884
國1南向路段,非主線資料,嘉義系統,出口,9105,7978,7761
國1南向路段,非主線資料,新營服務區,出口,1993,1961,1851
國1南向路段,非主線資料,新營,出口,5465,4622,4312
國1南向路段,非主線資料,下營系統,出口,4866,5391,3955
國1南向路段,非主線資料,麻豆,出口,6401,6153,5316
國1南向路段,非主線資料,安定,出口,4120,4126,5622
國1南向路段,非主線資料,台南系統,出口,10403,8854,9087
國1南向路段,非主線資料,永康,出口,16832,16459,14573
國1南向路段,非主線資料,大灣,出口,16380,15090,15342
國1南向路段,非主線資料,仁德,出口,11714,10534,11798
國1南向路段,非主線資料,仁德系統,出口,19456,17827,18658
國1南向路段,非主線資料,路竹,出口,6259,5831,5608
國1南向路段,非主線資料,高科,出口,5966,4897,9258
國1南向路段,非主線資料,岡山,出口,6818,6178,6997
國1南向路段,非主線資料,楠梓,出口,16296,14485,18409
國1南向路段,非主線資料,鼎金系統,出口,27778,25136,25424
國1南向路段,非主線資料,高雄,出口,51194,48285,46461
國1南向路段,非主線資料,瑞隆路出口匝道,出口,13982,13350,12480
國1南向路段,非主線資料,五甲系統,出口,40237,35515,36516
國1南向路段,非主線資料,五甲,出口,5468,4282,6309
國1南向路段,非主線資料,漁港路,出口,35591,32914,35668
國1南向路段,非主線資料,高雄端,出口,5229,4691,8384
國3南向路段,非主線資料,瑪東系統,出口,3474,2728,4162
國3南向路段,非主線資料,汐止系統,出口,10451,11138,11678
國3南向路段,非主線資料,新台五路,出口,8616,7578,11983
國3南向路段,非主線資料,南港,出口,4636,4608,6261
國3南向路段,非主線資料,南港系統,出口,21296,18027,16633
國3南向路段,非主線資料,木柵,出口,17405,16230,18656
國3南向路段,非主線資料,新店,出口,10012,9352,11496
國3南向路段,非主線資料,安坑,出口,10266,9118,11391
國3南向路段,非主線資料,中和,出口,22194,20882,22743
國3南向路段,非主線資料,土城,出口,15167,12550,18907
國3南向路段,非主線資料,樹林,出口,14762,13021,15607
國3南向路段,非主線資料,三鶯,出口,14239,12915,14184
國3南向路段,非主線資料,鶯歌系統,出口,38584,35794,40236
國3南向路段,非主線資料,大溪,出口,25124,24879,26191
國3南向路段,非主線資料,龍潭,出口,12560,12496,13812
國3南向路段,非主線資料,高原,出口,6940,6396,6814
國3南向路段,非主線資料,關西服務區,出口,1099,1009,840
國3南向路段,非主線資料,關西,出口,4644,4217,3595
國3南向路段,非主線資料,竹林,出口,15162,14220,12128
國3南向路段,非主線資料,寶山,出口,3866,3680,5910
國3南向路段,非主線資料,新竹系統,出口,23761,18872,18331
國3南向路段,非主線資料,茄苳,出口,10247,9822,11881
國3南向路段,非主線資料,香山,出口,8226,7026,13061
國3南向路段,非主線資料,西濱,出口,7796,6376,7459
國3南向路段,非主線資料,竹南,出口,4821,3746,4818
國3南向路段,非主線資料,大山,出口,3419,2858,3078
國3南向路段,非主線資料,後龍,出口,4792,3744,3952
國3南向路段,非主線資料,西湖服務區,出口,248,204,351
國3南向路段,非主線資料,通霄,出口,4506,3281,3406
國3南向路段,非主線資料,苑裡,出口,3518,2786,2648
國3南向路段,非主線資料,大甲,出口,3765,3236,2814
國3南向路段,非主線資料,中港系統,出口,19043,17140,15558
國3南向路段,非主線資料,清水服務區,出口,1058,912,803
國3南向路段,非主線資料,沙鹿,出口,9567,8417,8553
國3南向路段,非主線資料,龍井,出口,9165,8184,8897
國3南向路段,非主線資料,和美,出口,6218,5116,5817
國3南向路段,非主線資料,彰化系統,出口,26026,21830,21774
國3南向路段,非主線資料,快官,出口,14113,12340,12940
國3南向路段,非主線資料,烏日,出口,4122,2932,6402
國3南向路段,非主線資料,中投,出口,7760,6087,7851
國3南向路段,非主線資料,霧峰,出口,13854,12300,15424
國3南向路段,非主線資料,霧峰系統,出口,20695,17450,14686
國3南向路段,非主線資料,草屯,出口,7098,6442,7471
國3南向路段,非主線資料,中興系統,出口,14331,13591,11930
國3南向路段,非主線資料,中興,出口,9200,8380,10485
國3南向路段,非主線資料,南投,出口,10942,10036,11621
國3南向路段,非主線資料,南投服務區,出口,3419,2746,2228
國3南向路段,非主線資料,名間,出口,10064,8676,7718
國3南向路段,非主線資料,竹山,出口,10000,8556,6845
國3南向路段,非主線資料,南雲,出口,2772,2213,2120
國3南向路段,非主線資料,斗六,出口,5624,4829,4241
國3南向路段,非主線資料,古坑(北)&古坑系統,出口,8255,7367,5654
國3南向路段,非主線資料,古坑服務區,出口,706,735,397
國3南向路段,非主線資料,梅山,出口,2779,2620,2205
國3南向路段,非主線資料,竹崎,出口,8066,7145,5911
國3南向路段,非主線資料,中埔,出口,7198,6220,4829
國3南向路段,非主線資料,水上系統,出口,8140,7644,6620
國3南向路段,非主線資料,白河,出口,2741,2728,1695
國3南向路段,非主線資料,東山服務區,出口,648,796,369
國3南向路段,非主線資料,柳營,出口,1122,1145,918
國3南向路段,非主線資料,烏山頭,出口,1154,1124,991
國3南向路段,非主線資料,官田系統,出口,3956,4040,2463
國3南向路段,非主線資料,善化,出口,3490,3824,3472
國3南向路段,非主線資料,新化系統,出口,12914,14294,9311
國3南向路段,非主線資料,關廟,出口,10374,11160,9568
國3南向路段,非主線資料,關廟服務區,出口,387,367,385
國3南向路段,非主線資料,田寮,出口,3040,3667,1936
國3南向路段,非主線資料,燕巢系統,出口,17020,18216,12632
國3南向路段,非主線資料,九如,出口,8790,8264,7653
國3南向路段,非主線資料,屏東,出口,5828,5330,4984
國3南向路段,非主線資料,長治,出口,5175,4624,3950
國3南向路段,非主線資料,麟洛,出口,5022,4486,4489
國3南向路段,非主線資料,竹田系統,出口,10292,9435,9569
國3南向路段,非主線資料,崁頂,出口,5112,4132,4180
國3南向路段,非主線資料,南州,出口,17204,14442,11074
國3南向路段,非主線資料,大鵬灣端,出口,10054,7746,5591
國5南向路段,非主線資料,石碇,出口,2464,3429,2803
國5南向路段,非主線資料,坪林交控專用道,出口,2306,2535,1689
國5南向路段,非主線資料,頭城,出口,11708,8434,7674
國5南向路段,非主線資料,宜蘭(壯圍),出口,12755,9186,9765
國5南向路段,非主線資料,羅東,出口,17292,12259,12947
國5南向路段,非主線資料,蘇澳,出口,10387,8267,9233
國1高架南向路段,非主線資料,堤頂,出口,9236,8319,10849
國1高架南向路段,非主線資料,五股轉接道,出口,46536,42175,48038
國1高架南向路段,非主線資料,機場系統,出口,21731,22112,21928
國1高架南向路段,非主線資料,中壢轉接道,出口,21988,19927,19288
國1高架南向路段,非主線資料,楊梅端,出口,44398,39084,36930
國3甲東向路段,非主線資料,萬芳,出口,7625,6387,7252
國3甲東向路段,非主線資料,深坑端,出口,30825,26452,31248
國2東向路段,非主線資料,大園,出口,6673,6337,7131
國2東向路段,非主線資料,大竹,出口,6276,6136,7294
國2東向路段,非主線資料,機場系統,出口,49991,48604,52582
國2東向路段,非主線資料,南桃園,出口,34897,31824,35086
國2東向路段,非主線資料,大湳,出口,18283,16392,19268
國2東向路段,非主線資料,鶯歌系統,出口,62877,55504,64398
國4東向路段,非主線資料,中港系統,出口,5797,5442,5643
國4東向路段,非主線資料,神岡,出口,2990,2783,3775
國4東向路段,非主線資料,台中系統,出口,16972,16928,18246
國4東向路段,非主線資料,后豐,出口,9554,8441,10823
國4東向路段,非主線資料,豐勢,出口,12699,10627,10170
國4東向路段,非主線資料,潭子,出口,2922,2560,3095
國4東向路段,非主線資料,潭子系統,出口,38234,34407,31471
國6東向路段,非主線資料,舊正,出口,2649,2608,3057
國6東向路段,非主線資料,東草屯,出口,4247,3574,4063
國6東向路段,非主線資料,國姓,出口,4156,2793,2295
國6東向路段,非主線資料,北山,出口,1326,976,816
國6東向路段,非主線資料,愛蘭,出口,12456,10248,7492
國6東向路段,非主線資料,埔里,出口,5805,4774,3956
國6東向路段,非主線資料,埔里端,出口,3852,2862,2392
國8東向路段,非主線資料,台南系統,出口,16024,14156,15045
國8東向路段,非主線資料,新市,出口,8803,8002,12044
國8東向路段,非主線資料,新化系統,出口,20143,17909,14976
國8東向路段,非主線資料,新化端,出口,8153,8217,6763
國10東向路段,非主線資料,鼎金系統,出口,16884,13691,15808
國10東向路段,非主線資料,仁武,出口,15651,11270,17286
國10東向路段,非主線資料,燕巢,出口,6018,4620,8866
國10東向路段,非主線資料,燕巢系統,出口,23439,22113,20143
國10東向路段,非主線資料,嶺口,出口,5127,5127,4175
國10東向路段,非主線資料,里港,出口,6090,3574,5232
國10東向路段,非主線資料,旗山端,出口,12929,10218,10025
國1北向路段,非主線資料,五甲,出口,8592,7506,8996
國1北向路段,非主線資料,中正路,出口,20386,20061,19198
國1北向路段,非主線資料,鼎金系統,出口,51860,49198,49346
國1北向路段,非主線資料,楠梓,出口,23354,20493,24653
國1北向路段,非主線資料,岡山,出口,16228,13982,18282
國1北向路段,非主線資料,高科,出口,6207,4731,8910
國1北向路段,非主線資料,路竹,出口,6714,6105,6988
國1北向路段,非主線資料,仁德系統,出口,18344,16730,16676
國1北向路段,非主線資料,仁德,出口,23687,23686,22120
國1北向路段,非主線資料,永康,出口,14038,12549,15848
國1北向路段,非主線資料,台南系統,出口,22706,20717,22270
國1北向路段,非主線資料,安定,出口,6102,5368,9538
國1北向路段,非主線資料,麻豆,出口,10091,9072,9792
國1北向路段,非主線資料,下營系統,出口,9258,9442,7425
國1北向路段,非主線資料,新營,出口,11326,9935,11221
國1北向路段,非主線資料,新營服務區,出口,1093,968,1147
國1北向路段,非主線資料,嘉義系統,出口,9786,10006,7266
國1北向路段,非主線資料,水上,出口,2183,2018,1882
國1北向路段,非主線資料,嘉義,出口,8554,7702,7280
國1北向路段,非主線資料,民雄,出口,6285,5730,5694
國1北向路段,非主線資料,大林,出口,2848,2608,3188
國1北向路段,非主線資料,雲林系統,出口,9732,9378,8038
國1北向路段,非主線資料,斗南,出口,6049,5427,6399
國1北向路段,非主線資料,虎尾,出口,3094,2929,2937
國1北向路段,非主線資料,西螺,出口,5933,5301,5667
國1北向路段,非主線資料,北斗,出口,4380,4402,3441
國1北向路段,非主線資料,員林,出口,3629,3694,3102
國1北向路段,非主線資料,埔鹽系統,出口,11545,10862,10668
國1北向路段,非主線資料,彰化,出口,15222,13287,14695
國1北向路段,非主線資料,彰化系統,出口,31312,33506,27181
國1北向路段,非主線資料,王田,出口,8682,8267,8933
國1北向路段,非主線資料,南屯,出口,14835,13912,14595
國1北向路段,非主線資料,台中,出口,17165,16661,16273
國1北向路段,非主線資料,大雅,出口,12196,10267,13604
國1北向路段,非主線資料,豐原,出口,11926,10310,14124
國1北向路段,非主線資料,台中系統,出口,25130,22218,24796
國1北向路段,非主線資料,后里,出口,11945,10316,12594
國1北向路段,非主線資料,三義,出口,4537,4532,3274
國1北向路段,非主線資料,銅鑼,出口,4247,3762,3372
國1北向路段,非主線資料,苗栗,出口,6401,5932,5530
國1北向路段,非主線資料,頭屋,出口,1269,1291,1009
國1北向路段,非主線資料,頭份,出口,7068,6556,6125
國1北向路段,非主線資料,新竹系統,出口,19623,22299,13459
國1北向路段,非主線資料,新竹,出口,24487,27597,28292
國1北向路段,非主線資料,竹北,出口,18586,16062,23582
國1北向路段,非主線資料,湖口,出口,15688,13806,20796
國1北向路段,非主線資料,高架楊梅端,出口,33034,34292,28091
國1北向路段,非主線資料,楊梅,出口,4944,4654,6482
國1北向路段,非主線資料,幼獅,出口,2585,2024,3848
國1北向路段,非主線資料,平鎮系統,出口,19111,16680,20826
國1北向路段,非主線資料,中壢,出口,9558,8464,8281
國1北向路段,非主線資料,內壢,出口,19570,17668,20533
國1北向路段,非主線資料,中壢服務區,出口,3924,3701,4626
國1北向路段,非主線資料,機場系統,出口,25967,23092,26767
國1北向路段,非主線資料,桃園,出口,42543,39226,45753
國1北向路段,非主線資料,林口,出口,37884,34855,43397
國1北向路段,非主線資料,高公局,出口,264,181,504
國1北向路段,非主線資料,五股,出口,22978,23698,20260
國1北向路段,非主線資料,三重,出口,14181,14019,12155
國1北向路段,非主線資料,台北,出口,20931,18098,18348
國1北向路段,非主線資料,圓山,出口,60189,56424,56628
國1北向路段,非主線資料,內湖,出口,15724,14084,19281
國1北向路段,非主線資料,東湖,出口,14866,14183,14460
國1北向路段,非主線資料,汐止&汐止系統,出口,25168,21218,26069
國1北向路段,非主線資料,五堵,出口,7510,6582,9087
國1北向路段,非主線資料,大華系統,出口,30034,27632,23663
國1北向路段,非主線資料,八堵,出口,7116,6194,5700
國1北向路段,非主線資料,基隆,出口,6333,5710,6881
國1北向路段,非主線資料,基隆端,出口,29616,25863,26424
國3北向路段,非主線資料,南州,出口,521,476,435
國3北向路段,非主線資料,竹田系統,出口,13339,15717,10695
國3北向路段,非主線資料,麟洛,出口,7928,7561,7582
國3北向路段,非主線資料,長治,出口,4880,4322,4515
國3北向路段,非主線資料,九如,出口,3052,2936,2853
國3北向路段,非主線資料,燕巢系統,出口,12718,12774,12619
國3北向路段,非主線資料,田寮,出口,3174,3590,2871
國3北向路段,非主線資料,關廟服務區,出口,369,440,319
國3北向路段,非主線資料,關廟,出口,7958,9778,6110
國3北向路段,非主線資料,新化系統,出口,9621,10701,9852
國3北向路段,非主線資料,善化,出口,4456,4532,4493
國3北向路段,非主線資料,官田系統,出口,8071,7992,6094
國3北向路段,非主線資料,烏山頭,出口,3564,3381,3083
國3北向路段,非主線資料,柳營,出口,3048,2726,3136
國3北向路段,非主線資料,東山服務區,出口,1238,1348,714
國3北向路段,非主線資料,白河,出口,3643,3902,2135
國3北向路段,非主線資料,水上系統,出口,3372,3659,2471
國3北向路段,非主線資料,中埔,出口,8714,8408,5402
國3北向路段,非主線資料,竹崎,出口,6653,6256,5809
國3北向路段,非主線資料,梅山,出口,5458,5146,4650
國3北向路段,非主線資料,古坑服務區,出口,566,656,349
國3北向路段,非主線資料,古坑(南),出口,1614,1615,1063
國3北向路段,非主線資料,古坑(北)&古坑系統,出口,4514,4726,3259
國3北向路段,非主線資料,斗六,出口,4224,4174,3930
國3北向路段,非主線資料,南雲,出口,2535,2290,1847
國3北向路段,非主線資料,竹山,出口,4787,4337,2679
國3北向路段,非主線資料,名間,出口,2103,2688,1813
國3北向路段,非主線資料,南投服務區,出口,1482,1521,1130
國3北向路段,非主線資料,南投,出口,2758,2935,2811
國3北向路段,非主線資料,中興,出口,4998,4211,4801
國3北向路段,非主線資料,中興系統,出口,6563,6451,5698
國3北向路段,非主線資料,草屯,出口,3441,3594,3492
國3北向路段,非主線資料,霧峰系統,出口,7374,5764,4880
國3北向路段,非主線資料,霧峰,出口,34929,38416,28924
國3北向路段,非主線資料,中投,出口,11923,12168,10690
國3北向路段,非主線資料,烏日,出口,4805,4624,6357
國3北向路段,非主線資料,快官,出口,23216,23684,23385
國3北向路段,非主線資料,彰化系統,出口,15019,14536,14518
國3北向路段,非主線資料,和美,出口,14594,12456,15660
國3北向路段,非主線資料,龍井,出口,10948,11177,11247
國3北向路段,非主線資料,沙鹿,出口,9914,9121,10148
國3北向路段,非主線資料,清水服務區,出口,922,1071,690
國3北向路段,非主線資料,中港系統,出口,7313,6649,7855
國3北向路段,非主線資料,大甲,出口,10991,10120,10381
國3北向路段,非主線資料,苑裡,出口,8601,7586,8313
國3北向路段,非主線資料,通霄,出口,3864,4144,2437
國3北向路段,非主線資料,西湖服務區,出口,382,499,460
國3北向路段,非主線資料,後龍,出口,3126,3990,2897
國3北向路段,非主線資料,大山,出口,995,1355,842
國3北向路段,非主線資料,竹南,出口,5290,6209,4379
國3北向路段,非主線資料,香山,出口,4101,4148,5288
國3北向路段,非主線資料,茄苳,出口,5810,6463,5960
國3北向路段,非主線資料,新竹系統,出口,27826,29055,28267
國3北向路段,非主線資料,寶山,出口,5226,4919,7985
國3北向路段,非主線資料,竹林,出口,7081,6352,7336
國3北向路段,非主線資料,關西,出口,3192,2976,2722
國3北向路段,非主線資料,關西服務區,出口,1090,1425,819
國3北向路段,非主線資料,高原,出口,3540,4448,3198
國3北向路段,非主線資料,龍潭,出口,5790,7352,5732
國3北向路段,非主線資料,大溪,出口,10371,10564,9234
國3北向路段,非主線資料,鶯歌系統,出口,23098,22452,23467
國3北向路段,非主線資料,三鶯,出口,18555,17216,18222
國3北向路段,非主線資料,土城,出口,38384,37353,38038
國3北向路段,非主線資料,中和,出口,37322,36318,34140
國3北向路段,非主線資料,安坑,出口,25423,24513,26715
國3北向路段,非主線資料,新店,出口,8682,8376,9421
國3北向路段,非主線資料,木柵,出口,15448,13340,15205
國3北向路段,非主線資料,南港系統,出口,18478,14419,12458
國3北向路段,非主線資料,南港,出口,14890,14862,18043
國3北向路段,非主線資料,新台五路,出口,14427,13379,18101
國3北向路段,非主線資料,汐止系統,出口,28302,28010,28880
國3北向路段,非主線資料,瑪東系統,出口,3739,1974,2239
國3北向路段,非主線資料,基金,出口,24108,20750,21797
國5北向路段,非主線資料,羅東,出口,3046,1720,3168
國5北向路段,非主線資料,宜蘭(壯圍),出口,5037,2691,5094
國5北向路段,非主線資料,頭城,出口,4936,2638,4368
國5北向路段,非主線資料,坪林交控專用道,出口,488,375,384
國5北向路段,非主線資料,石碇,出口,2941,3596,2598
國5北向路段,非主線資料,南港系統,出口,35030,39103,28036
國1高架北向路段,非主線資料,中壢轉接道,出口,13370,13985,14745
國1高架北向路段,非主線資料,機場系統,出口,7060,7209,7612
國1高架北向路段,非主線資料,泰山轉接道,出口,33937,33117,29314
國1高架北向路段,非主線資料,環北,出口,25084,24082,25164
國1高架北向路段,非主線資料,下塔悠北上出口匝道,出口,6071,5451,8403
國1高架北向路段,非主線資料,堤頂,出口,17354,16394,20480
國1高架北向路段,非主線資料,汐止端,出口,39013,33308,32772
國3甲西向路段,非主線資料,萬芳,出口,17758,16494,18878
國3甲西向路段,非主線資料,台北端,出口,20456,18719,21444
國2西向路段,非主線資料,大湳,出口,22843,21617,24047
國2西向路段,非主線資料,南桃園,出口,18594,16976,19724
國2西向路段,非主線資料,機場系統,出口,48455,44453,47484
國2西向路段,非主線資料,大竹,出口,25557,23557,25709
國2西向路段,非主線資料,大園,出口,28643,24368,33459
國2西向路段,非主線資料,機場端,出口,38416,41006,40934
國4西向路段,非主線資料,潭子,出口,12184,11057,13439
國4西向路段,非主線資料,豐勢,出口,9556,9075,7833
國4西向路段,非主線資料,台中系統,出口,22635,21882,19554
國4西向路段,非主線資料,神岡,出口,6375,5629,8374
國4西向路段,非主線資料,中港系統,出口,19390,19159,15846
國4西向路段,非主線資料,清水端,出口,18663,16206,19271
國6西向路段,非主線資料,愛蘭,出口,448,490,404
國6西向路段,非主線資料,國姓,出口,507,430,642
國6西向路段,非主線資料,東草屯,出口,1104,1443,954
國6西向路段,非主線資料,舊正,出口,2636,3551,2223
國6西向路段,非主線資料,霧峰系統,出口,24940,28346,19936
國8西向路段,非主線資料,新化系統,出口,4146,4095,3653
國8西向路段,非主線資料,新市,出口,4757,5718,4612
國8西向路段,非主線資料,台南系統,出口,17872,17428,19038
國8西向路段,非主線資料,新吉,出口,7768,7148,7236
國8西向路段,非主線資料,台南端,出口,11861,11039,11558
國10西向路段,非主線資料,燕巢系統,出口,6707,6532,5163
國10西向路段,非主線資料,燕巢,出口,9434,9990,9348
國10西向路段,非主線資料,仁武,出口,9887,9505,10466
國10西向路段,非主線資料,鼎金系統,出口,23546,23456,26610
國10西向路段,非主線資料,左營端,出口,45127,45104,42489
